<Servers>
    <Server>
      <Name>USWest</Name>
      <DNS>54.153.32.11</DNS>
      <Lat>37.34</Lat>
      <Long>-121.89</Long>
      <Usage>0.00</Usage>
    </Server>
    <Server>
      <Name>USEast</Name>
      <DNS>52.23.232.42</DNS>
      <Lat>42.36</Lat>
      <Long>-71.06</Long>
      <Usage>0.00</Usage>
    </Server>
    <Server>
      <Name>AsiaSouthEast</Name>
      <DNS>52.77.221.237</DNS>
      <Lat>1.35</Lat>
      <Long>103.82</Long>
      <Usage>0.00</Usage>
    </Server>
    <Server>
      <Name>USSouth</Name>
      <DNS>52.91.68.60</DNS>
      <Lat>35.23</Lat>
      <Long>-80.84</Long>
      <Usage>0.00</Usage>
    </Server>
    <Server>
      <Name>USSouthWest</Name>
      <DNS>54.183.179.205</DNS>
      <Lat>32.80</Lat>
      <Long>-96.77</Long>
      <Usage>0.00</Usage>
    </Server>
    <Server>
      <Name>USEast2</Name>
      <DNS>52.91.203.118</DNS>
      <Lat>42.89</Lat>
      <Long>-78.88</Long>
      <Usage>0.00</Usage>
    </Server>
    <Server>
      <Name>USNorthWest</Name>
      <DNS>54.234.151.78</DNS>
      <Lat>42.33</Lat>
      <Long>-122.88</Long>
      <Usage>0.00</Usage>
    </Server>
    <Server>
      <Name>AsiaEast</Name>
      <DNS>54.199.197.208</DNS>
      <Lat>25.09</Lat>
      <Long>121.56</Long>
      <Usage>0.00</Usage>
    </Server>
    <Server>
      <Name>EUSouthWest</Name>
      <DNS>52.47.178.13</DNS>
      <Lat>48.86</Lat>
      <Long>2.35</Long>
      <Usage>0.00</Usage>
    </Server>
    <Server>
      <Name>USSouth2</Name>
      <DNS>54.183.236.213</DNS>
      <Lat>33.78</Lat>
      <Long>-88.59</Long>
      <Usage>0.00</Usage>
    </Server>
    <Server>
      <Name>EUNorth2</Name>
      <DNS>52.59.198.155</DNS>
      <Lat>59.33</Lat>
      <Long>18.06</Long>
      <Usage>0.00</Usage>
    </Server>
    <Server>
      <Name>EUSouth</Name>
      <DNS>52.47.150.186</DNS>
      <Lat>53.00</Lat>
      <Long>-8.00</Long>
      <Usage>0.00</Usage>
    </Server>
    <Server>
      <Name>USSouth3</Name>
      <DNS>13.57.182.96</DNS>
      <Lat>-30.03</Lat>
      <Long>-51.23</Long>
      <Usage>0.00</Usage>
    </Server>
    <Server>
      <Name>EUWest2</Name>
      <DNS>34.243.37.98</DNS>
      <Lat>51.51</Lat>
      <Long>-0.13</Long>
      <Usage>0.00</Usage>
    </Server>
    <Server>
      <Name>USMidWest</Name>
      <DNS>18.220.226.127</DNS>
      <Lat>38.63</Lat>
      <Long>-90.20</Long>
      <Usage>0.00</Usage>
    </Server>
    <Server>
      <Name>EUWest</Name>
      <DNS>52.47.149.74</DNS>
      <Lat>53.48</Lat>
      <Long>-2.23</Long>
      <Usage>0.00</Usage>
    </Server>
    <Server>
      <Name>USEast3</Name>
      <DNS>54.157.6.58</DNS>
      <Lat>100.00</Lat>
      <Long>100.00</Long>
      <Usage>0.00</Usage>
    </Server>
    <Server>
      <Name>USWest3</Name>
      <DNS>54.67.119.179</DNS>
      <Lat>37.76</Lat>
      <Long>-121.95</Long>
      <Usage>0.00</Usage>
    </Server>
    <Server>
      <Name>USMidWest2</Name>
      <DNS>18.218.255.91</DNS>
      <Lat>41.88</Lat>
      <Long>-87.63</Long>
      <Usage>0.00</Usage>
    </Server>
    <Server>
      <Name>EUEast</Name>
      <DNS>18.195.167.79</DNS>
      <Lat>54.69</Lat>
      <Long>25.28</Long>
      <Usage>0.00</Usage>
    </Server>
    <Server>
      <Name>Australia</Name>
      <DNS>54.252.165.65</DNS>
      <Lat>-33.87</Lat>
      <Long>151.21</Long>
      <Usage>0.00</Usage>
    </Server>
    <Server>
      <Name>EUNorth</Name>
      <DNS>54.93.78.148</DNS>
      <Lat>59.33</Lat>
      <Long>18.06</Long>
      <Usage>0.00</Usage>
    </Server>
    <Server>
      <Name>USWest2</Name>
      <DNS>54.215.251.128</DNS>
      <Lat>0.00</Lat>
      <Long>0.00</Long>
      <Usage>0.00</Usage>
    </Server>
  </Servers>